{
  "hypothesis_id": "H7",
  "statement": "All API entry points produce identical RSN",
  "test_cases": [
    {
      "prompt_hash": "115049a2",
      "results": {
        "certify": {
          "R": 0.04211064111983838,
          "S": 0.37048851670179034,
          "N": 0.5874008421783713,
          "kappa": 0.5126331923359515
        },
        "certify_local": {
          "R": 0.04211064111983838,
          "S": 0.37048851670179034,
          "N": 0.5874008421783713,
          "kappa": 0.5126331923359515
        },
        "LocalEngine": {
          "R": 0.04211064111983838,
          "S": 0.37048851670179034,
          "N": 0.5874008421783713,
          "kappa": 0.5126331923359515
        },
        "FluentCertifier": {
          "R": 0.04211064111983838,
          "S": 0.37048851670179034,
          "N": 0.5874008421783713,
          "kappa": 0.5126331923359515
        }
      },
      "variance": {
        "R": 0.0,
        "S": 0.0,
        "N": 0.0,
        "kappa": 0.0,
        "total": 0.0
      },
      "consistent": true
    },
    {
      "prompt_hash": "93dbeba4",
      "results": {
        "certify": {
          "R": 0.26533509208797945,
          "S": 0.3592518884165271,
          "N": 0.3754130194954935,
          "kappa": 0.5796005276263938
        },
        "certify_local": {
          "R": 0.26533509208797945,
          "S": 0.3592518884165271,
          "N": 0.3754130194954935,
          "kappa": 0.5796005276263938
        },
        "LocalEngine": {
          "R": 0.26533509208797945,
          "S": 0.3592518884165271,
          "N": 0.3754130194954935,
          "kappa": 0.5796005276263938
        },
        "FluentCertifier": {
          "R": 0.26533509208797945,
          "S": 0.3592518884165271,
          "N": 0.3754130194954935,
          "kappa": 0.5796005276263938
        }
      },
      "variance": {
        "R": 0.0,
        "S": 0.0,
        "N": 0.0,
        "kappa": 0.0,
        "total": 0.0
      },
      "consistent": true
    },
    {
      "prompt_hash": "64ec88ca",
      "results": {
        "certify": {
          "R": 0.3507674868280103,
          "S": 0.0024221645525606492,
          "N": 0.6468103486194292,
          "kappa": 0.6052302460484031
        },
        "certify_local": {
          "R": 0.3507674868280103,
          "S": 0.0024221645525606492,
          "N": 0.6468103486194292,
          "kappa": 0.6052302460484031
        },
        "LocalEngine": {
          "R": 0.3507674868280103,
          "S": 0.0024221645525606492,
          "N": 0.6468103486194292,
          "kappa": 0.6052302460484031
        },
        "FluentCertifier": {
          "R": 0.3507674868280103,
          "S": 0.0024221645525606492,
          "N": 0.6468103486194292,
          "kappa": 0.6052302460484031
        }
      },
      "variance": {
        "R": 0.0,
        "S": 0.0,
        "N": 0.0,
        "kappa": 0.0,
        "total": 0.0
      },
      "consistent": true
    }
  ],
  "metrics": {
    "entry_point_variance": 0.0,
    "determinism": true,
    "consistent_tests": 3,
    "total_tests": 3
  },
  "result": "PASS",
  "timestamp": "2026-03-13T14:37:58.963987"
}